Date,Hour,Scenario 1,Scenario 2,Scenario 3,Scenario 4,Scenario 5,Scenario 6,Scenario 7,Scenario 8,Scenario 9,Scenario 10
2020-07-10,0,27.181337299434745,14.076971569583208,22.55230331717328,11.058908419048986,22.645145126855454,19.286160339824935,25.70743925894749,22.530091491629896,21.128694622139065,15.315282454824205
2020-07-10,1,25.643397028076237,19.348660173909654,23.421298974410856,19.836667479072965,22.0119897478708,11.717197825900419,21.091649087150444,15.673404757216252,22.12379038475848,16.582484412271384
2020-07-10,2,16.479002906970063,12.686922656172168,15.059648795966073,16.695418619273052,15.51001009518682,7.914045545640821,13.977497279428707,10.875457217822733,12.98103654764618,5.8166157751642205
2020-07-10,3,0.0,0.0,0.0,0.0,3.6079889310540154,0.0,1.8697568196009215,5.037490765962187,0.0,0.0
2020-07-10,4,14.44451375075202,16.653882270002164,15.664009915749755,19.67272840278292,16.609165963730604,15.224279410707158,18.860127055213194,9.368665570156004,13.389539666159315,27.499199095724887
2020-07-10,5,20.82428851576824,23.772842729506664,20.18728568562254,17.977228898034696,12.040929932877852,13.480703151802224,16.70976519475689,13.260229057062228,26.053346718121844,22.395513871448546
2020-07-10,6,0.0,0.0,0.0,0.0,0.3987099733650824,4.378738680723874,0.0,0.8790479938077516,5.381640444290554,0.0
2020-07-10,7,14.6897209618324,11.07760881470238,0.0,0.0,2.499736229570432,0.0,0.0,0.0,0.779526463635659,10.154402582070025
2020-07-10,8,15.2792023603756,13.954770327938572,14.560916499218907,19.915004592238308,19.227977780635936,15.406141963852509,18.759650577571364,18.451581243192205,20.597229848505904,12.646986052519676
2020-07-10,9,22.362913128335332,23.71821868110089,17.602294316342796,20.66485363169103,6.079622290391278,18.931217323444933,17.0036863105482,19.306231589443286,20.352604852815535,19.584892667878776
2020-07-10,10,24.12134714035294,19.547589782749977,28.787464192675245,29.380424809111766,16.34826726323304,25.63296512436977,26.603265890068894,22.713148673402447,15.863285848300173,28.838811249090703
2020-07-10,11,23.092083730189486,24.24276230301612,26.64093839569693,15.359939274546356,19.898410840182283,20.038125099652586,20.6688308356868,19.104508478751534,23.04186439063591,27.061320571526075
2020-07-10,12,18.638812510675496,26.08530868778107,20.62158933274828,26.068044796228623,28.14671560682761,21.666413384200823,18.176054790806,10.189765542645143,21.950738343323376,23.53430826398407
2020-07-10,13,17.085272601753253,25.206932642913426,18.453389090328336,23.83813877119926,25.967783011762087,16.789250987564238,23.287716529363085,25.67867650094552,19.7987574013894,18.15174027342135
2020-07-10,14,28.043239736416712,28.405904863126807,29.592219161182086,24.10323192693192,31.646889627857806,29.821399900825465,24.50379681945916,19.364903043855765,28.864101003869123,27.841998826002634
2020-07-10,15,31.373520759928468,35.600112606893354,30.583126734519464,25.728462783711134,22.816852776093064,31.00540044131053,17.464258327458587,30.81812977835008,20.273941765479535,22.405868184856335
2020-07-10,16,33.508921189469525,28.23382923174704,33.31856785928041,30.232209930105228,27.362406008856528,26.630246787391567,22.763833955132085,23.56067484413586,25.173244360031475,35.564578921307664
2020-07-10,17,19.782649668785048,22.233950957712032,27.85764976751724,17.933164368367144,28.019953124575103,20.991240711726142,31.681407767567823,35.54880321236331,25.123684773812503,26.361261350838262
2020-07-10,18,30.32956220546009,31.079007040893448,40.82356072034251,43.23545762275226,42.039168379499806,33.047474261508725,26.555603230683687,35.13353205353834,27.17165154344804,28.52187361843928
2020-07-10,19,28.526691465826385,23.33165209487393,33.54402935126049,33.272132305045645,31.89581979285428,28.178360332839965,35.89139382340519,25.29676125089105,38.589105924568976,34.71908939163211
2020-07-10,20,37.0126114032797,35.849785928263955,29.058600568862175,35.11558686546974,32.7576298350835,24.31647860697713,40.31124184351234,28.349175463059183,29.67211064062547,36.8654974677866
2020-07-10,21,32.50673044992154,34.047361649778765,33.755659015100676,27.998790969490273,32.75744800219835,30.98636638184622,35.06011922234199,38.91210631659754,28.37584917512721,30.339780162278768
2020-07-10,22,32.332400715736384,31.458286689301374,35.8357883562297,27.599958517276743,37.14120200423689,32.94118985508285,33.985571714188566,30.38748495054731,27.057881635442182,26.399184342516456
2020-07-10,23,21.82335359832196,31.14400927437356,28.280209585732944,32.85314530406964,14.88857342351037,28.842529204953752,30.0502454262032,25.675358025980064,23.446892659503213,22.382601801094
2020-07-10,24,25.86744368567133,23.489231137121532,26.062108746339277,23.113755369144005,31.411523319659615,25.19898051394511,26.752408966009515,29.20355759175156,28.831637683637023,31.570202649311735
2020-07-10,25,15.694421354811327,25.966738465180708,23.562353277110542,30.656443481438412,16.613622588995597,22.97282185467102,29.437166803622468,23.230662331866817,30.39392736471117,20.572725568331222
2020-07-10,26,19.147808817454106,30.12470264668218,29.53269391644072,19.11172574587367,26.817624103737224,21.974616986599223,22.01314021883505,19.698685047512942,29.08599413914189,22.897625237431427
2020-07-10,27,21.069212567674384,16.66108846103148,19.93221157911726,27.521759219838543,33.65158138329154,13.461785065450828,22.237327504780275,20.892300726803214,11.964028126308662,17.691751268183175
2020-07-10,28,15.301515157428614,25.00247865723195,16.13290439699032,20.59137404425981,23.580066993477132,11.399356420195264,19.60858903715328,13.254960000540212,21.97073227420924,19.03202206958004
2020-07-10,29,18.467958393535355,23.715642327908196,21.215834460516145,23.530807222086196,24.02249875747672,29.412545497212843,22.17327217855543,28.596670040249972,25.79029947957728,23.014884229470688
2020-07-10,30,16.04066302854399,27.822504785788563,10.002894260465384,27.297866519308354,22.25419752070741,17.10556573668785,20.89733249597944,22.301979854622076,16.843335660735917,25.1274042518526
2020-07-10,31,0.0,2.574906055330951,0.0,4.660476567500002,0.0,0.0,8.374847185636034,2.8737303209264726,0.0,0.0
2020-07-10,32,2.5674976159067,4.2293881634408645,1.1482517954778255,3.6971036611380255,0.0,0.0,10.314028167900362,0.014562615648293588,0.0,2.979690590572709
2020-07-10,33,0.0,0.0,0.0,0.0,3.721086939486851,0.0,0.0,0.0,1.3555207513694176,6.205418214876073
2020-07-10,34,18.778520171315066,18.61223198243731,31.412208562364867,23.72574781927533,16.922651433915934,16.721471964599797,13.89054084992134,5.949686943117079,19.507070047155757,13.06306000556891
2020-07-10,35,11.595788948378235,20.14990014479232,26.50833216433299,27.208042580641703,27.21961754086232,22.773939122501623,17.57814452925944,27.600667243538407,21.859365423946723,19.594275913655967
2020-07-10,36,24.95587207601692,25.002695787463622,23.904095200610342,15.49206067463386,25.678906300623503,15.82872111993973,19.947900954865712,15.669472319939496,32.75873929912439,25.311995690437826
2020-07-10,37,27.189511158472335,26.425094994481807,18.93363160099638,28.45453074620761,12.489420360886136,21.759077896502887,18.78377190900728,13.29064742418739,25.67657370983788,24.058799888797285
2020-07-10,38,23.65904972397461,25.1568997435004,21.735376962899647,13.326281275097683,19.55344971878226,17.004217672061348,23.556134251711736,20.145679834809243,16.374666489473206,25.0215501128644
2020-07-10,39,25.551481520103767,30.553824050723023,27.91161552590256,16.756543944393027,21.583502397128896,20.6465211521362,28.411678637390008,30.519078260182926,22.005045044929595,24.394011006596255
2020-07-10,40,28.874355059956223,30.429935583638002,24.95480385845389,19.892823430182453,29.116257100396624,27.78939382421344,18.543242291489385,24.760423960134386,24.381210860905703,22.20850949372245
2020-07-10,41,32.836354415178086,33.24929108259889,28.426746270049808,28.115062975454048,34.15294472016273,29.201246961187447,31.10059645866397,24.39221150003362,37.18477166579884,32.681972664471054
2020-07-10,42,24.547262322165288,36.58685479076628,30.77351015913007,37.398017503039526,29.47425468765726,33.67232660366598,41.492075173934005,22.32256523902176,30.611941841190188,29.90766062866172
2020-07-10,43,40.21345819317164,33.36856759990736,36.82119920355003,46.372760401683,26.050382237826316,28.919629307922104,37.17246560087025,39.9396459774596,31.13286240930497,32.81040588039457
2020-07-10,44,28.832006094596327,32.42070793207022,34.7585231478245,42.00619548461045,33.33619688237195,33.5986478802065,38.80588836370928,33.44756827130653,32.04014625710941,31.28656641978798
2020-07-10,45,24.107135723949163,42.86964909314492,35.622847658869574,34.63773257359481,32.884045955989485,33.14402059663811,31.718837868854692,34.36179532167,37.08539992055936,25.039699265764284
2020-07-10,46,32.816495251278845,36.7706462116481,33.73516271876152,38.802249919868416,34.37969682682159,22.02621475134796,30.060567514588588,20.11656576995821,27.56451890095633,23.231842003620883
2020-07-10,47,25.50145297618105,34.426428828009165,23.53910974311072,25.993564928738767,22.312750464047607,27.01821704695683,21.48153554103395,27.9956995694682,34.101340025065284,33.51913710700798
2020-07-11,0,21.126135164123525,29.410547503070635,28.64584351670546,19.92338933182794,21.196049473156048,32.0527418256721,21.20759698164093,16.02236653001391,25.205694210950153,23.9009830742309
2020-07-11,1,12.897102366085951,30.514648716648985,31.75719530968466,30.12566668338525,26.786443691654384,17.943261279568127,24.42263239300137,19.00914513999012,21.347020684461953,18.3912026504074
2020-07-11,2,21.648707064240483,17.08741567659484,25.484056220713736,25.721382910470023,26.61849309917282,23.710396134231782,19.75212153354276,25.27470723194134,26.901949028949407,18.097175863752263
2020-07-11,3,18.985428469707667,31.032799127353755,21.594513169019567,23.00101519439671,35.16679054549327,20.564270865140493,9.107721892833458,17.903807523038786,26.655684047440985,30.6566610974567
2020-07-11,4,14.357633171757724,21.29550794465084,28.027546258986938,22.817972309956943,20.3624249267442,29.083225367632384,21.90955982013624,22.432397318532168,22.944265951414287,21.52227171631319
2020-07-11,5,17.268383857149868,17.90977605661775,19.739230307734008,16.60025936446835,23.153323765145167,16.511988448544788,24.144632836122202,18.63199205047369,15.487979828175783,15.405916491699172
2020-07-11,6,16.733883117987446,21.487445864790654,28.56043157746359,16.34096327986314,20.260619943593607,10.529835384514143,27.26395308576152,13.620821501192628,15.796017331786464,15.985777889761758
2020-07-11,7,6.752150999492285,0.0,0.0,7.095330834855213,3.4595179898412525,0.0,0.0,0.0,0.0,0.0
2020-07-11,8,0.0,0.0,0.0,3.918010568217439,4.513745051194195,0.0,0.0,7.185755624535309,0.0,0.0
2020-07-11,9,0.0,0.0,0.0,0.0,2.8033137513305673,0.0,0.0,0.0,0.0,0.0
2020-07-11,10,23.85871563328495,13.696788815232104,17.9790420374829,24.1214684782975,20.51926911929432,10.245834721674049,22.42307512652421,25.26475443331082,14.744048517135315,23.16613143970097
2020-07-11,11,18.15267723494206,23.78407349359464,12.642303995485708,20.4931071582946,21.226793385568843,13.191737865051005,13.705943684825076,22.596633417104595,18.448968302744863,17.46089470393632
2020-07-11,12,22.16416241164632,19.638231789039924,30.502551087150408,20.198361850398207,18.439075958849337,21.94167596760431,15.509129911934448,23.085154545768127,14.46553078549252,27.71020151771113
2020-07-11,13,24.621288123027327,20.994157315564628,23.748304604175207,24.402359662523185,28.97102641876724,21.40370826102194,24.11052270744277,22.89626868236591,27.908378365246165,17.74723365618537
2020-07-11,14,26.603229125143518,26.4863902964936,12.667257165256107,25.84722811912148,26.40965377757904,22.87397893835487,30.672639180570595,22.66781962976041,22.084621619123872,17.39085736659652
2020-07-11,15,27.922283817712813,31.808992308587406,22.93161078434926,32.89613886988509,29.379365472955843,29.95383910373989,24.760454465694025,33.48893691908586,26.187730386771783,23.368678166526426
2020-07-11,16,22.34236393779072,28.56230368264895,27.19075238062156,37.457296606128125,27.499316441041028,35.93976454258858,26.231755643152347,26.77370353466212,34.3295479782768,31.5812910222647
2020-07-11,17,18.90076132286184,31.78549468324407,33.82542321064342,24.383979885779755,30.74059590136789,34.717530335744456,32.74759626488847,30.528710591133937,26.950415622104607,21.585716157169788
2020-07-11,18,25.160219959055773,32.516890093121724,33.26672899687056,30.480692278793832,33.122044269634245,37.99107855265372,28.43723733453448,29.72300780167076,30.05671205892037,32.23540049185183
2020-07-11,19,34.836604801114014,29.549542913004125,28.713592108977338,34.714133986365,37.11421039284444,31.82307426556731,33.809535489439,34.91643708350693,22.591351906684277,36.73217386104498
2020-07-11,20,29.341987303453735,42.58907724159808,43.80755432112223,34.52825952587208,37.78544876034469,36.51326124212782,38.690205764299165,26.76064426333008,40.43062544583662,33.358554248344944
2020-07-11,21,27.918423712516585,40.9799305974653,30.74363687447085,42.703033701302864,36.66596420931481,24.990110192190635,36.17980306833732,35.72350755869792,33.82524079969402,38.839432657676376
2020-07-11,22,25.643345035415212,29.524482416216394,26.848557338994375,29.775089562587024,29.824367859545617,37.606111444392646,32.636841277590534,35.139792497926685,34.90751090232121,24.44676900762728
2020-07-11,23,24.467182780122343,23.016016858244704,30.09275940837927,28.66888583295253,24.8731314720834,23.973219183009828,22.075446879162666,22.49930067838034,26.857495574788377,21.511657537822703
2020-07-11,24,28.62702074814672,29.242754030606,34.52647216276111,23.833198256920006,34.23771258881801,19.459259261348485,18.457231280640116,24.429721393990388,31.61655789564873,24.895237270207733
2020-07-11,25,27.893879008645754,32.164306425281005,27.037897297603703,28.533449063563268,24.32671079541986,19.520557468900524,21.41027080003381,22.803463268221456,17.636362183405325,25.736368200346863
2020-07-11,26,17.890487866161113,20.545761959021718,20.99966274823642,17.144720947133116,32.634512293216666,20.887620140197072,27.0962649905654,23.541302274405407,23.336014593761615,33.87578067714665
2020-07-11,27,26.714141621502534,20.76493251955224,23.329277435301194,22.083150520621732,18.22671488817999,19.09252742106653,24.47473631669825,23.7900506625512,19.690834879569948,21.518849646050704
2020-07-11,28,23.868850378310245,22.00268308592433,19.54365337598953,27.814579820707625,20.842713002185366,23.230910123499186,23.512926108927005,28.87612737131586,26.11183703371721,29.232674264275488
2020-07-11,29,27.40832440085475,20.92186672939732,31.89110054559432,28.41819646442717,25.97036715759524,11.783955503240819,29.836893561875325,19.10482022330476,26.02964288991473,24.335637278823167
2020-07-11,30,15.645830105792964,21.085625138669464,28.715475060988958,15.42498226417727,10.911442872424193,17.292899787574154,16.762334937800723,23.071741599987767,8.408182304487942,17.762517720628114
2020-07-11,31,0.0,0.0,0.759187741633625,0.0,0.0,0.0,0.0,1.5086481728757495,0.0,0.0
2020-07-11,32,1.567684103564491,0.0,0.0,7.862928110959275,0.0,0.0,0.0,0.0,0.0,5.939393347313295
2020-07-11,33,0.0,2.0550491028344293,0.0,0.0,0.0,0.0,0.0,0.0,0.0,0.0
2020-07-11,34,16.58096872881555,31.9062880770744,30.5302086078646,10.969295870712433,18.317376920112,25.475897821163567,21.09118211722257,15.040719120613298,16.82976340812491,10.706385501024128
2020-07-11,35,16.6373193355667,12.750885028588849,20.530371280851686,21.735886615801356,20.472600022181688,16.254087110584713,19.71299926467174,19.48112792248976,19.003497044915996,20.770239821168783
2020-07-11,36,23.154553514982616,25.581262110603603,15.32946300075636,14.64978912653714,22.76273183284431,22.74862312034871,18.0180111722862,24.21713702970949,26.544924249728492,17.40195131449372
2020-07-11,37,22.2212460212864,12.113995258918363,21.69843332429688,19.51324602175866,21.599064724138096,23.801915299470373,21.981639604215648,32.55375333030408,24.624332598317007,25.0825483538608
2020-07-11,38,22.031825138693986,29.94543479466176,11.684596805149596,23.95522453619247,37.503356876976255,24.56746138157373,27.39056032962167,21.09458746732342,17.07076754012079,34.690533775513785
2020-07-11,39,13.287905335626784,18.758099130089928,21.26030291978435,24.780169579169073,27.962253601675,21.6658275128944,26.477214041253838,26.608718689918938,16.589820568258137,19.874876297766274
2020-07-11,40,23.309557820919473,32.28872363198715,21.820900106164455,26.34613346467192,26.135359313818608,28.48242266484824,23.778738110917487,31.400291015099505,24.802249041652345,22.219111795763887
2020-07-11,41,31.071276406894295,32.73535925468567,33.10273364620793,27.339129582430488,28.544241645733212,25.958578571964235,18.906469337396327,31.09457324593544,25.03606059378234,31.79729901364473
2020-07-11,42,38.218942362647496,29.479004223286612,34.88193619331357,33.06544924224327,32.44728065807616,27.57747784707069,37.241334901320485,36.69211000844302,35.955404582337,45.23210210301592
2020-07-11,43,37.06111844434047,29.80282574703116,36.90296362828531,36.61565456240908,32.324009080334726,34.06790982479597,41.58929638418258,28.133691310377223,33.44103280288089,27.953209254863715
2020-07-11,44,37.37682441906287,32.845903033236134,31.683193717936263,28.658030439954903,32.724341956361144,26.24033023001677,27.528708758204136,38.055493341517725,36.44934452198417,36.118336279965085
2020-07-11,45,32.559384192133074,29.55569639893364,25.289137251694896,29.915842837357168,25.683207981143337,31.64291364312404,29.657912116881345,29.481849332868,36.69309378903977,30.186256013586576
2020-07-11,46,27.704039626409664,27.40345079514579,21.98333291400665,21.64401621694816,26.26166014582992,32.05546026426872,26.195488735950033,30.86075816576864,24.258415357404918,21.11613125475943
2020-07-11,47,21.009902407015296,19.68308125131972,29.696906985295637,26.407612317526148,27.628897056156525,25.78056488517507,31.975321002557433,26.393164449267086,24.932353967988863,30.551534945709182
2020-07-12,0,32.03034890734403,26.394697368151732,32.59417740661501,22.194526121014864,19.839741124588365,19.83946603762525,24.340195180888607,23.886296947500117,29.36374309063078,23.286053381420764
2020-07-12,1,27.66203015647159,19.322556949186826,19.08938645564273,23.928205488815415,16.648678758143927,24.571433134347583,28.245409736448988,31.823843887836134,25.144132358387,19.863639295872023
2020-07-12,2,24.608116880503,23.00845776690748,26.12064628012355,27.898950570326026,22.2769806614858,17.49377611301588,20.593922332901677,19.196140414355877,25.97424826428006,21.86407812116102
2020-07-12,3,22.489559425784623,20.298488689375887,17.21007903001952,16.306002007308027,16.64555266363088,22.86402815414575,25.58454793710998,11.305454526455662,15.588103950507064,22.01957672939822
2020-07-12,4,17.1539610856562,20.56154397629879,19.313150550506037,20.659192475539736,32.46818004003018,18.638983310405692,20.49124108627668,14.857951745574756,17.97219203753227,22.925380242877303
2020-07-12,5,20.54845277904456,18.87880920373941,22.95161271833684,31.342730324699254,13.387221504269512,20.871562121498293,24.04763977573981,23.046059372983848,16.906127858906927,24.556644644178974
2020-07-12,6,17.548177233179533,16.874111435452598,21.03061368515956,8.908598983562396,18.93982197329357,10.552138860524572,17.44605934373911,7.607544333103765,23.07893295509749,12.369377171748656
2020-07-12,7,4.859112655967614,0.0,0.0,3.0189186944267785,0.0,0.0,0.0,0.0,0.0,0.0
2020-07-12,8,1.6976990203872944,0.0,4.488519899375207,0.9824667612581792,0.0,0.0,0.0,0.044182122253795954,1.682107613749779,0.0
2020-07-12,9,0.0,0.0,0.0,0.0,0.0,0.0,0.0,0.0,1.4626921897153056,0.0
2020-07-12,10,19.68022521045245,22.349044808811776,14.78431899902581,16.69768112281364,22.979477983717583,21.870278280906565,20.702636573719342,16.6052965604418,25.48666609160741,9.615012045869284
2020-07-12,11,14.86525550787201,14.008761429855355,14.979093052161147,19.93619878913756,24.74170926023466,20.799798409142937,20.514548632553687,28.592247725963727,24.982531248077684,22.66268170413036
2020-07-12,12,16.001596740242174,12.254744373628451,19.07138123079972,23.412912900293616,26.597971206493945,24.457269866499917,22.104868892440223,23.291267614450877,28.502117269119218,16.196793067878367
2020-07-12,13,29.328266158804265,19.001295765206,21.342583194573976,22.27705386894659,12.718780555426372,19.51481033725746,17.643753993492073,22.673519542826217,22.115384188482807,22.915387642399136
2020-07-12,14,27.53609838685956,22.61734134717978,19.288750004445287,29.13794554984664,21.177949071953364,31.058267057781872,17.47411857292309,22.551993048273864,33.93127768717235,16.988573172995913
2020-07-12,15,24.20671022124572,27.802994323807727,15.8206602858646,23.193463075459455,23.117934282196625,27.400810391322132,25.98758612250776,27.785967777117182,24.594795913105127,19.1439570047892
2020-07-12,16,27.458768683220125,24.09950081083131,38.30469796312699,30.565511935518984,31.19672032693487,23.422996745922887,25.475154057977402,25.1221804178102,22.128197159109288,32.47870235867572
2020-07-12,17,25.659713137918743,22.820507647554304,32.871096515271184,25.95810676962109,28.16834260517829,30.441692748735672,26.910055622201376,31.03554811950115,28.62626929920283,21.78354510562111
2020-07-12,18,34.22278768442651,37.37334629820405,35.701598532101286,30.300328490354925,39.816889653868415,31.512602029311815,36.17687732537071,45.353994357382945,41.964705478763776,28.02203441638582
2020-07-12,19,21.820342000415003,32.321796584605686,34.67000329337563,28.301852852411727,36.609215786926896,24.679717073734157,36.31359589642873,33.66465211115123,30.421838343126943,40.75916696090504
2020-07-12,20,32.91271651514011,30.172640316086785,25.04976110650272,24.55122538984521,38.57062750039195,33.380945362880155,33.734467861017585,31.271906875724728,32.08761847340613,32.36979265329736
2020-07-12,21,30.08365042065202,29.46011528000533,29.55465505556552,27.390697812129616,25.2660987964556,32.26480259544904,20.35194639076144,28.49573238456069,26.83792187754888,29.439352798216305
2020-07-12,22,12.897400706185929,21.27177608709215,37.44488983222512,24.347213094273453,23.93778384611846,21.220593146329012,34.68080685921208,27.886922375062447,20.14009827902948,31.396757761156152
2020-07-12,23,29.68695138328416,28.1835368158689,23.409633102197457,31.111479842786487,11.131840054008716,39.48167569822319,22.617238850333024,23.478533226641993,32.649371764976266,25.610272115754196
2020-07-12,24,30.10605068537929,25.269845132940954,10.361911858793244,25.46591126142012,18.596296088999676,15.610946952381427,17.433973615020754,29.701791952325316,27.73508209327469,16.204910145268205
2020-07-12,25,22.84667617713177,19.312050992724057,26.16924530225528,19.2886144351564,13.65947709793646,26.224167993434946,28.616681751371328,18.51476347515316,11.98675173952598,26.813165889815025
2020-07-12,26,24.484967528136806,27.74212748979517,23.753180333200493,15.000443589015568,15.655196301913769,19.34815099846673,11.527677606882552,13.371704419809419,19.503872628036948,27.93818195378167
2020-07-12,27,10.838739819010465,10.991392731096754,22.03965659249908,19.223664701412392,14.667770328064284,22.966462796217087,20.71436092944649,22.920874575708595,18.470099781611847,18.236159398589862
2020-07-12,28,26.97968555805612,19.730163111435598,18.194647374900345,17.475692383923057,24.09527240829297,19.448905102771526,7.6105698125084125,24.13647522632728,14.575767559804348,16.47066817122417
2020-07-12,29,24.557257499092092,24.83084788841255,23.010139131170728,16.650723703602008,22.210680076557985,25.420914225433886,12.829882083504335,20.9854463557736,15.64048166424309,23.346449260888438
2020-07-12,30,0.0,3.2634099714734264,0.0,5.853811725292124,0.0,1.4988194973701408,6.267537945045483,0.0,0.0,0.9136806846975518
2020-07-12,31,2.793795633078143,0.0,0.0,0.0,0.9780163589004601,0.0,5.4817607835780695,0.0,0.0,0.0
2020-07-12,32,4.692786748889338,6.054960285213572,3.300065234777267,0.0,4.112153301752019,0.0,0.0,4.135339639461073,6.028505050081677,0.0
2020-07-12,33,23.299107718636783,20.413823769172655,17.429982148490748,21.1268071958132,9.152658483828032,21.161524784224326,24.695840651015786,15.346291950653596,12.107754992475549,19.74354137809861
2020-07-12,34,7.931046373016135,20.241139855868965,13.941151421880567,22.1070438359513,19.943727024434104,11.658520469365456,25.764688370382288,17.391258693656578,17.236187402738935,22.064907165258084
2020-07-12,35,13.656098475214883,31.045628314252653,24.585411285355757,20.5847195144872,17.893906309579062,22.095660829968832,27.302760832474068,18.949007740277697,23.77727607020701,24.811813795634077
2020-07-12,36,27.783972925434096,9.453120641656367,23.6738329950486,22.224263915633223,30.154671470229545,25.07092148278207,20.493182959605452,26.471021812701725,21.978202172390723,19.609582411742768
2020-07-12,37,17.19764776786468,24.371285757626232,28.779105929724672,26.031462658906833,23.393990660009663,23.539448643592337,32.612325796500514,19.826031107631763,27.611742337547543,26.211028268620986
2020-07-12,38,38.05466165490171,19.38584035371423,29.88884371525674,25.050155812700392,30.54890259390793,30.594763540081622,29.821181686841868,23.483580675800486,20.676682041607684,26.654956698670404
2020-07-12,39,19.38966381243129,24.240862908612385,25.434942726038383,38.90156612732489,29.50124182502875,27.688525460156548,27.726030698126273,24.12794007502786,32.15763373201408,33.05335423253855
2020-07-12,40,19.43352544588259,29.1430986041982,25.40108179408773,39.8360077725865,32.1802403319711,24.52889997542171,38.89823795851216,22.952288471572025,27.564660409446734,29.192405138156047
2020-07-12,41,33.566790539612725,29.297542118085797,30.778020188840447,24.98001944128757,36.95922438915564,29.87173786130815,31.79235410806855,29.185408052554624,32.02983661243481,30.79112744983975
2020-07-12,42,32.340776331874565,28.53592898817954,31.291112854926624,33.9160272400736,33.4682093534138,40.90041521974644,27.516388098489205,23.860870523736267,25.73428599580535,33.857126259241575
2020-07-12,43,25.047090876697727,29.413686163543087,37.34348067529383,42.01961692190508,20.50815218717309,36.42066145412897,35.28147995680026,38.92104830260703,38.64535708775641,35.491738918065444
2020-07-12,44,25.269195141455608,32.40800251417594,38.77418528236684,36.714956803234216,35.58470387614696,34.94817290177455,40.02219076328869,37.38178442470512,34.39756416887651,30.033737699530136
2020-07-12,45,39.19495311894106,30.836497706874056,32.85298187425663,29.97597610620437,19.888831663081262,36.150206553799805,30.97469925567344,30.62782318791844,27.332578286621874,38.56754072284384
2020-07-12,46,25.753811619701494,27.997791855490117,20.693949719954617,33.496240044949,24.887174449614324,21.22293586968234,24.78041805521156,17.76787363230367,23.90118858705723,28.262341635530476
2020-07-12,47,30.006544738958247,28.213938720271926,32.38090119005717,22.61674289999503,22.31416367961994,20.699696300726647,26.946934951250228,22.795273846278874,26.54122531930252,28.829746486333228
2020-07-13,0,21.38509447335801,25.121585801211246,25.263003685334823,22.929060188539513,26.865853436193746,23.91282191363597,22.02512539303732,14.994586165733445,26.15961633832466,23.04879914749531
2020-07-13,1,20.709209020423614,17.105299976087856,20.129486628858448,15.550775392232012,30.713040524970964,23.242771103948936,19.44281574321933,21.037375657362244,26.86254383360969,15.101522192051972
2020-07-13,2,12.50984863913395,16.968856600173257,9.932436871055641,16.751423655069498,23.316115665601146,23.19545089512769,21.3959970050948,18.706329323320883,22.27616157741991,3.8656729452248086
2020-07-13,3,15.874188728654712,20.77034929310536,17.19613827355206,15.996591910843671,22.94445581490513,18.61171337078455,17.478924848356257,15.858926362699714,18.86338141799833,28.67068550548192
2020-07-13,4,11.267764642394736,6.2653958732078445,18.711470616210967,19.92760952896316,22.41452705013165,20.118970654742903,19.40377798224293,13.02410772100384,14.524474177651879,22.895936559860292
2020-07-13,5,17.01061812518871,20.710894709770077,18.927565362443236,21.327753473558076,15.450096619295167,20.84616398948026,15.785461317671764,19.13254341619377,18.936380289916787,23.41090564905746
2020-07-13,6,0.9743678642376513,4.389709944061332,0.0,0.0,0.0,0.0,0.4107260887062161,0.0,9.894009662116947,3.861818659668909
2020-07-13,7,0.0,0.0,0.0,0.9053957134634515,0.0,1.4840994473524347,0.0,1.2247322422706834,4.170792179754972,0.0
2020-07-13,8,0.0,8.849810675530643,2.986663519102984,0.0,4.842968632686548,0.0,0.0,1.5221804432915722,2.6307228986776385,0.0
2020-07-13,9,17.607854425588172,19.32979637808254,19.16187521478889,10.916335770283764,16.512760385362775,22.70047497556252,21.22101937504907,27.906614072039005,8.470568995455404,24.36475840191291
2020-07-13,10,19.66287985303628,18.503364956452984,19.162773443384722,22.032105966769404,25.867549201672887,18.665720811953687,17.51773720898038,12.702447679366507,20.572352645254547,17.14167337602523
2020-07-13,11,14.995821957312108,13.829125185187584,27.234686097486897,17.994273457227784,16.15415946994713,21.787986270682385,29.79243038355032,18.591668264645,24.3345459130973,4.180059536527796
2020-07-13,12,28.46013394924795,29.92254423401365,25.879454536194288,25.52220904923192,15.879387635046044,18.59963447754395,21.966282202474456,17.279985976604717,28.44260464400742,23.619952129549105
2020-07-13,13,20.528378029946655,26.7926572648059,18.688465714110595,28.30235553575272,29.76551136779313,26.277996358768572,31.287177057638488,24.69548328418665,19.917967280419305,25.219584253749176
2020-07-13,14,17.87757777328723,24.49354401895507,18.00830838145669,27.704699268422488,26.95435931045908,23.215648504194423,34.883288231899684,30.22878390541913,25.433697666769618,24.002618679799642
2020-07-13,15,32.5478496989347,33.94327207042904,30.32239253686928,25.393997080998968,25.115751033851623,24.34923400673867,28.83895822103715,35.61125845041292,11.49625271802463,42.27148453032996
2020-07-13,16,30.989790250978757,38.37351965493026,36.52630801589055,21.58583140115372,30.60268469089772,29.313591306858164,26.155552884071792,22.172816222302927,28.4081081285462,30.301426469720745
2020-07-13,17,39.028304767157,32.232795553038784,23.72712513734386,31.303700530885223,26.252099061702545,31.42584493429089,30.89488677139977,38.257285319550974,22.83199516240431,41.28225889930532
2020-07-13,18,26.768891393797688,31.735586277548972,22.88002345108584,29.762750056286816,36.98066947642328,33.97584939176623,37.57641181867598,38.01334756779885,41.06584527740109,33.67348400085141
2020-07-13,19,33.334738265249754,33.710158300282366,32.87107339245116,36.730368265231434,40.438610768758174,31.665884061901057,41.21318847534162,39.22613250477864,26.639007380903543,40.09235689637063
2020-07-13,20,37.67895614875454,34.31738100663826,27.43325596222689,30.109195212954383,38.91962423852288,45.000930415356535,36.22173760816128,37.26174785973451,33.284222165811784,36.99347971765999
2020-07-13,21,35.782829001326405,33.558172039072524,31.424556460432026,33.29405630866071,33.51676724588135,36.029546118377375,27.693131269649292,30.51474481777215,37.05276372566933,39.29153357520448
2020-07-13,22,27.92127860760372,19.17173817961464,31.05528691532336,28.22206329129565,29.590423455629384,35.97376039137427,31.567079820578968,25.894299820989147,15.967731298713115,27.735496132745887
2020-07-13,23,25.97726000939961,30.574719330713307,26.694322896132704,22.766085836015915,29.09047384130401,21.034579632179536,29.822390390546868,25.851611449525663,19.968799901230767,29.396881394947854
2020-07-13,24,17.078880261262825,20.88523683876454,21.3219646254282,15.68732366259874,24.01238692553896,23.46859631149239,17.330634142016645,30.689226599265112,23.924859843047727,17.46298862095854
2020-07-13,25,21.465948782645768,25.163048648598647,16.653037792333276,19.467692565209656,24.209843697377217,26.659363008425224,22.063545871023106,22.253963131157708,16.457366534277533,28.234969054441628
2020-07-13,26,16.853464908501813,18.78948109994405,12.674601028333376,18.621248790280735,20.93161387258115,24.953181823863105,16.53783076293937,17.238480581156896,21.100825708280016,23.20918824708989
2020-07-13,27,24.703154947024395,23.9789028692924,18.98236490114097,18.10615430157188,21.379993902107078,19.669588526101368,7.786449756521136,26.72832715670303,29.741390828057,16.41289369261186
2020-07-13,28,18.633325426555597,21.728591984810997,24.846716452949202,27.45894469084967,18.81791631716088,19.172165667899385,17.634122821017492,25.845922231518145,22.499314889749797,17.409320199724228
2020-07-13,29,17.22927253162809,29.381738765706455,20.01212455602917,21.36759251399021,15.10934857672168,28.629063527921645,23.21238141473271,21.532335287485903,22.25406779860362,22.698735820674734
2020-07-13,30,21.322939931874153,19.419990477763463,25.226209809282487,21.41262072776044,20.87702865147711,23.542284045878365,19.39032941440465,27.158350708621025,19.683322616501226,13.831367531416422
2020-07-13,31,22.05481900234574,23.881092578041205,15.572549964026267,19.908814504362162,22.39024002984,19.809150514015023,25.32467208333432,20.7355931138093,16.91240152677713,15.323891897376072
2020-07-13,32,19.82527504082044,17.52324023488577,28.133274171085368,21.015417549182096,17.674234295151948,23.890218353764546,23.449438682722015,18.111813550146657,21.839734341095607,17.74596466971451
2020-07-13,33,24.812638918097058,18.160623909983634,21.918615063571163,23.687838918348714,21.955366842570292,17.643064164643395,27.031102384029552,22.12051785160544,21.002255213385617,16.10306949122479
2020-07-13,34,25.10044647677548,23.99365036443081,26.474097623400088,27.64386520061945,29.59422118537308,23.366282359856932,34.16613260242343,24.491386053306936,19.777956304233808,29.906941077202365
2020-07-13,35,34.13585617557599,26.256200767664993,20.38326242987748,24.154609860661925,27.209823308963063,20.517583206325025,18.664638912771917,23.584779093311603,23.651562058479325,20.55293481628669
2020-07-13,36,28.583921740443728,27.05307830946658,28.508516277758645,27.301363708041343,28.554614718978755,26.312129926814272,23.630329407131143,32.74014458970835,19.38392988796488,21.6029266371946
2020-07-13,37,19.918422903122973,21.513704378259614,31.42933681570548,16.206664130528086,28.03217247343,27.71040179918432,31.80794555484386,32.32404418824338,28.57672347024592,22.812010620261848
2020-07-13,38,25.60222917568977,30.443311474875625,22.526544753304968,22.614670848359474,24.71671972443473,26.165285901127845,33.57961947771616,34.68208149258893,22.35833571235401,30.82624680743004
2020-07-13,39,26.9801390552914,24.3886000003381,29.653891670824617,27.10338133295677,25.246826175812597,22.430960167139315,31.330925801203733,28.05773307506705,22.272488240697594,27.727104847267075
2020-07-13,40,34.16720995238844,37.04824278050593,39.289766346041546,37.2232260211,35.43290831452694,21.902178491750178,36.60924005802156,29.0053238959333,34.22530632895771,31.964651580030807
2020-07-13,41,36.34767997160675,37.44002895845447,36.24634113623065,28.30402419716555,27.955884658886603,35.1070083885993,28.584308078102158,26.782357041933945,38.660861377248224,35.98986794023153
2020-07-13,42,38.80590405740758,30.07747255438232,36.60562447279998,33.65808722901665,37.8640746278796,33.52328291388694,34.681214119163634,29.046544389326876,33.698313692909046,39.0403513046936
2020-07-13,43,39.65611105233214,38.7875615280697,38.90474648320977,36.87555371507052,43.24391503299165,38.59811737385249,31.91699711832147,35.07103296124741,31.899394405575485,41.06942262695262
2020-07-13,44,36.072275629604114,36.140111488427365,37.7773624844621,32.67647354899628,29.176315626387485,31.929002306724435,27.344780826043632,34.677935064960366,38.07634270943071,35.08241929291757
2020-07-13,45,37.588162840162994,24.68618198395144,26.6212570046357,35.26477996559458,34.81482168062433,27.21852736112528,41.4664457114186,38.6803294325386,35.843408980216246,33.86687944343865
2020-07-13,46,20.335157758294503,24.161194362757804,16.7795308356333,19.790495765228712,23.296864795572112,15.34643188493436,17.080700069943187,29.121322745962328,21.728621179345456,30.866325106542728
2020-07-13,47,18.205801703376085,25.02578155441577,19.147367175651237,25.201536803007738,28.402575794692197,21.355814720496934,20.692049549412747,28.033284876814896,21.3337553078527,14.08890700623689
